"First name","Last name","Company name","Address","City","County","State","ZIP","Phone1","Phone2","E-mail","Web""James","Butt","Benton, John B Jr","6649 N Blue Gum St","New Orleans","Orleans","LA",70116,"504-621-8927","504-845-1427","jbutt@gmail.com","http://www.bentonjohnbjr.com""Josephine","Darakjy","Chanay, Jeffrey A Esq","4 B Blue Ridge Blvd","Brighton","Livingston","MI",48116,"810-292-9388","810-374-9840","josephine_darakjy@darakjy.org","http://www.chanayjeffreyaesq.com""Art","Venere","Chemel, James L Cpa","8 W Cerritos Ave #54","Bridgeport","Gloucester","NJ","08014","856-636-8749","856-264-4130","art@venere.org","http://www.chemeljameslcpa.com""Lenna","Paprocki","Feltz Printing Service","639 Main St","Anchorage","Anchorage","AK",99501,"907-385-4412","907-921-2010","lpaprocki@hotmail.com","http://www.feltzprintingservice.com""Donette","Foller","Printing Dimensions","34 Center St","Hamilton","Butler","OH",45011,"513-570-1893","513-549-4561","donette.foller@cox.net","http://www.printingdimensions.com""Simona","Morasca","Chapman, Ross E Esq","3 Mcauley Dr","Ashland","Ashland","OH",44805,"419-503-2484","419-800-6759","simona@morasca.com","http://www.chapmanrosseesq.com""Mitsue","Tollner","Morlong Associates","7 Eads St","Chicago","Cook","IL",60632,"773-573-6914","773-924-8565","mitsue_tollner@yahoo.com","http://www.morlongassociates.com""Leota","Dilliard","Commercial Press","7 W Jackson Blvd","San Jose","Santa Clara","CA",95111,"408-752-3500","408-813-1105","leota@hotmail.com","http://www.commercialpress.com""Sage","Wieser","Truhlar And Truhlar Attys","5 Boston Ave #88","Sioux Falls","Minnehaha","SD",57105,"605-414-2147","605-794-4895","sage_wieser@cox.net","http://www.truhlarandtruhlarattys.com""Kris","Marrier","King, Christopher A Esq","228 Runamuck Pl #2808","Baltimore","Baltimore City","MD",21224,"410-655-8723","410-804-4694","kris@gmail.com","http://www.kingchristopheraesq.com""Minna","Amigon","Dorl, James J Esq","2371 Jerrold Ave","Kulpsville","Montgomery","PA",19443,"215-874-1229","215-422-8694","minna_amigon@yahoo.com","http://www.dorljamesjesq.com""Abel","Maclead","Rangoni Of Florence","37275 St  Rt 17m M","Middle Island","Suffolk","NY",11953,"631-335-3414","631-677-3675","amaclead@gmail.com","http://www.rangoniofflorence.com""Kiley","Caldarera","Feiner Bros","25 E 75th St #69","Los Angeles","Los Angeles","CA",90034,"310-498-5651","310-254-3084","kiley.caldarera@aol.com","http://www.feinerbros.com""Graciela","Ruta","Buckley Miller & Wright","98 Connecticut Ave Nw","Chagrin Falls","Geauga","OH",44023,"440-780-8425","440-579-7763","gruta@cox.net","http://www.buckleymillerwright.com""Cammy","Albares","Rousseaux, Michael Esq","56 E Morehead St","Laredo","Webb","TX",78045,"956-537-6195","956-841-7216","calbares@gmail.com","http://www.rousseauxmichaelesq.com""Mattie","Poquette","Century Communications","73 State Road 434 E","Phoenix","Maricopa","AZ",85013,"602-277-4385","602-953-6360","mattie@aol.com","http://www.centurycommunications.com""Meaghan","Garufi","Bolton, Wilbur Esq","69734 E Carrillo St","Mc Minnville","Warren","TN",37110,"931-313-9635","931-235-7959","meaghan@hotmail.com","http://www.boltonwilburesq.com""Gladys","Rim","T M Byxbee Company Pc","322 New Horizon Blvd","Milwaukee","Milwaukee","WI",53207,"414-661-9598","414-377-2880","gladys.rim@rim.org","http://www.tmbyxbeecompanypc.com""Yuki","Whobrey","Farmers Insurance Group","1 State Route 27","Taylor","Wayne","MI",48180,"313-288-7937","313-341-4470","yuki_whobrey@aol.com","http://www.farmersinsurancegroup.com""Fletcher","Flosi","Post Box Services Plus","394 Manchester Blvd","Rockford","Winnebago","IL",61109,"815-828-2147","815-426-5657","fletcher.flosi@yahoo.com","http://www.postboxservicesplus.com""Bette","Nicka","Sport En Art","6 S 33rd St","Aston","Delaware","PA",19014,"610-545-3615","610-492-4643","bette_nicka@cox.net","http://www.sportenart.com""Veronika","Inouye","C 4 Network Inc","6 Greenleaf Ave","San Jose","Santa Clara","CA",95111,"408-540-1785","408-813-4592","vinouye@aol.com","http://www.cnetworkinc.com""Willard","Kolmetz","Ingalls, Donald R Esq","618 W Yakima Ave","Irving","Dallas","TX",75062,"972-303-9197","972-896-4882","willard@hotmail.com","http://www.ingallsdonaldresq.com""Maryann","Royster","Franklin, Peter L Esq","74 S Westgate St","Albany","Albany","NY",12204,"518-966-7987","518-448-8982","mroyster@royster.com","http://www.franklinpeterlesq.com""Alisha","Slusarski","Wtlz Power 107 Fm","3273 State St","Middlesex","Middlesex","NJ","08846","732-658-3154","732-635-3453","alisha@slusarski.com","http://www.wtlzpowerfm.com""Allene","Iturbide","Ledecky, David Esq","1 Central Ave","Stevens Point","Portage","WI",54481,"715-662-6764","715-530-9863","allene_iturbide@cox.net","http://www.ledeckydavidesq.com""Chanel","Caudy","Professional Image Inc","86 Nw 66th St #8673","Shawnee","Johnson","KS",66218,"913-388-2079","913-899-1103","chanel.caudy@caudy.org","http://www.professionalimageinc.com""Ezekiel","Chui","Sider, Donald C Esq","2 Cedar Ave #84","Easton","Talbot","MD",21601,"410-669-1642","410-235-8738","ezekiel@chui.com","http://www.siderdonaldcesq.com""Willow","Kusko","U Pull It","90991 Thorburn Ave","New York","New York","NY",10011,"212-582-4976","212-934-5167","wkusko@yahoo.com","http://www.upullit.com""Bernardo","Figeroa","Clark, Richard Cpa","386 9th Ave N","Conroe","Montgomery","TX",77301,"936-336-3951","936-597-3614","bfigeroa@aol.com","http://www.clarkrichardcpa.com""Ammie","Corrio","Moskowitz, Barry S","74874 Atlantic Ave","Columbus","Franklin","OH",43215,"614-801-9788","614-648-3265","ammie@corrio.com","http://www.moskowitzbarrys.com""Francine","Vocelka","Cascade Realty Advisors Inc","366 South Dr","Las Cruces","Dona Ana","NM",88011,"505-977-3911","505-335-5293","francine_vocelka@vocelka.com","http://www.cascaderealtyadvisorsinc.com""Ernie","Stenseth","Knwz Newsradio","45 E Liberty St","Ridgefield Park","Bergen","NJ","07660","201-709-6245","201-387-9093","ernie_stenseth@aol.com","http://www.knwznewsradio.com""Albina","Glick","Giampetro, Anthony D","4 Ralph Ct","Dunellen","Middlesex","NJ","08812","732-924-7882","732-782-6701","albina@glick.com","http://www.giampetroanthonyd.com""Alishia","Sergi","Milford Enterprises Inc","2742 Distribution Way","New York","New York","NY",10025,"212-860-1579","212-753-2740","asergi@gmail.com","http://www.milfordenterprisesinc.com""Solange","Shinko","Mosocco, Ronald A","426 Wolf St","Metairie","Jefferson","LA",70002,"504-979-9175","504-265-8174","solange@shinko.com","http://www.mosoccoronalda.com""Jose","Stockham","Tri State Refueler Co","128 Bransten Rd","New York","New York","NY",10011,"212-675-8570","212-569-4233","jose@yahoo.com","http://www.tristaterefuelerco.com""Rozella","Ostrosky","Parkway Company","17 Morena Blvd","Camarillo","Ventura","CA",93012,"805-832-6163","805-609-1531","rozella.ostrosky@ostrosky.com","http://www.parkwaycompany.com""Valentine","Gillian","Fbs Business Finance","775 W 17th St","San Antonio","Bexar","TX",78204,"210-812-9597","210-300-6244","valentine_gillian@gmail.com","http://www.fbsbusinessfinance.com""Kati","Rulapaugh","Eder Assocs Consltng Engrs Pc","6980 Dorsett Rd","Abilene","Dickinson","KS",67410,"785-463-7829","785-219-7724","kati.rulapaugh@hotmail.com","http://www.ederassocsconsltngengrspc.com""Youlanda","Schemmer","Tri M Tool Inc","2881 Lewis Rd","Prineville","Crook","OR",97754,"541-548-8197","541-993-2611","youlanda@aol.com","http://www.trimtoolinc.com""Dyan","Oldroyd","International Eyelets Inc","7219 Woodfield Rd","Overland Park","Johnson","KS",66204,"913-413-4604","913-645-8918","doldroyd@aol.com","http://www.internationaleyeletsinc.com""Roxane","Campain","Rapid Trading Intl","1048 Main St","Fairbanks","Fairbanks North Star","AK",99708,"907-231-4722","907-335-6568","roxane@hotmail.com","http://www.rapidtradingintl.com""Lavera","Perin","Abc Enterprises Inc","678 3rd Ave","Miami","Miami-Dade","FL",33196,"305-606-7291","305-995-2078","lperin@perin.org","http://www.abcenterprisesinc.com""Erick","Ferencz","Cindy Turner Associates","20 S Babcock St","Fairbanks","Fairbanks North Star","AK",99712,"907-741-1044","907-227-6777","erick.ferencz@aol.com","http://www.cindyturnerassociates.com""Fatima","Saylors","Stanton, James D Esq","2 Lighthouse Ave","Hopkins","Hennepin","MN",55343,"952-768-2416","952-479-2375","fsaylors@saylors.org","http://www.stantonjamesdesq.com"